{
    "PetalLength": {
        "Q1": -1.2669591626729437,
        "Q3": 0.7177026235238131
    },
    "PetalWidth": {
        "Q1": -1.1351132532915305,
        "Q3": 0.7588895643458702
    },
    "SepalWidth": {
        "Q1": -0.5025634854229334,
        "Q3": 0.6967357411545205
    }
}