{
    "Pclass": 2.308641975308642,
    "Age": 29.69911764705882,
    "SibSp": 0.5230078563411896,
    "Parch": 0.38159371492704824,
    "Fare": 32.204207968574636
}